{
  "editor.min.js": 6.753767,
  "editor.vendor.min.js": 6.824064,
  "editor.min.css": 2.401526,
  "preview.min.js": 0.439526,
  "preview.min.css": 0.318733,
  "polyfill.min.js": 0.007066,
  "export.js": 29.129073
}