{
  "editor.min.js": 8.658355,
  "editor.vendor.min.js": 6.518515,
  "editor.min.css": 2.526796,
  "preview.min.js": 0.540338,
  "preview.min.css": 0.356287,
  "polyfill.min.js": 0.007064,
  "export.js": 20.643776
}