{
  "editor.min.js": 8.913278,
  "editor.vendor.min.js": 6.917436,
  "editor.min.css": 2.580096,
  "preview.min.js": 0.573857,
  "preview.min.css": 0.391762,
  "polyfill.min.js": 0.007066,
  "export.js": 20.538599
}