{
  "editor.min.js": 8.796731,
  "editor.vendor.min.js": 6.918534,
  "editor.min.css": 2.563141,
  "preview.min.js": 0.564418,
  "preview.min.css": 0.383213,
  "polyfill.min.js": 0.007066,
  "export.js": 20.897801
}