{
  "editor.min.js": 9.08465,
  "editor.vendor.min.js": 6.918766,
  "editor.min.css": 2.599787,
  "preview.min.js": 0.590228,
  "preview.min.css": 0.394242,
  "polyfill.min.js": 0.007066,
  "export.js": 20.740689
}