{
  "editor.min.js": 4.873542,
  "editor.vendor.min.js": 6.285285,
  "editor.min.css": 2.618048,
  "preview.min.js": 0.30634,
  "preview.min.css": 0.411415,
  "polyfill.min.js": 0.008877,
  "export.js": 14.761587
}