{
  "editor.min.js": 9.019255,
  "editor.vendor.min.js": 6.918766,
  "editor.min.css": 2.593086,
  "preview.min.js": 0.589397,
  "preview.min.css": 0.394371,
  "polyfill.min.js": 0.007066,
  "export.js": 20.692829
}