{
  "editor.min.js": 7.276257,
  "editor.vendor.min.js": 7.806643,
  "editor.min.css": 2.422424,
  "preview.min.js": 0.46782,
  "preview.min.css": 0.326953,
  "polyfill.min.js": 0.007066,
  "export.js": 26.652804
}