{
  "editor.min.js": 8.933966,
  "editor.vendor.min.js": 6.917429,
  "editor.min.css": 2.580946,
  "preview.min.js": 0.578199,
  "preview.min.css": 0.392668,
  "polyfill.min.js": 0.007066,
  "export.js": 20.57888
}