{
  "editor.min.js": 8.659738,
  "editor.vendor.min.js": 6.518587,
  "editor.min.css": 2.527056,
  "preview.min.js": 0.54393,
  "preview.min.css": 0.352222,
  "polyfill.min.js": 0.007064,
  "export.js": 20.646745
}