{
  "editor.min.js": 7.289505,
  "editor.vendor.min.js": 7.763634,
  "editor.min.css": 2.422778,
  "preview.min.js": 0.46782,
  "preview.min.css": 0.327084,
  "polyfill.min.js": 0.007066,
  "export.js": 26.283119
}