{
  "editor.min.js": 4.925071,
  "editor.vendor.min.js": 6.286308,
  "editor.min.css": 2.626426,
  "preview.min.js": 0.306775,
  "preview.min.css": 0.412339,
  "polyfill.min.js": 0.008877,
  "export.js": 14.823333
}