{
  "editor.min.js": 8.52448,
  "editor.vendor.min.js": 7.683376,
  "editor.min.css": 2.521267,
  "preview.min.js": 0.527907,
  "preview.min.css": 0.353791,
  "polyfill.min.js": 0.008964,
  "export.js": 19.890373
}