{
  "editor.min.js": 8.912182,
  "editor.vendor.min.js": 6.917436,
  "editor.min.css": 2.580086,
  "preview.min.js": 0.57346,
  "preview.min.css": 0.391752,
  "polyfill.min.js": 0.007066,
  "export.js": 20.536324
}