{
  "editor.min.js": 8.538318,
  "editor.vendor.min.js": 8.763438,
  "editor.min.css": 2.504578,
  "preview.min.js": 0.479958,
  "preview.min.css": 0.35075,
  "polyfill.min.js": 0.009043,
  "export.js": 26.379519
}