{
  "editor.min.js": 7.413108,
  "editor.vendor.min.js": 8.763438,
  "editor.min.css": 2.500134,
  "preview.min.js": 0.467756,
  "preview.min.css": 0.346823,
  "polyfill.min.js": 0.009043,
  "export.js": 26.231726
}