{
  "editor.min.js": 4.873495,
  "editor.vendor.min.js": 6.285285,
  "editor.min.css": 2.617981,
  "preview.min.js": 0.30634,
  "preview.min.css": 0.411348,
  "polyfill.min.js": 0.008877,
  "export.js": 14.761535
}