{
  "editor.min.js": 4.870459,
  "editor.vendor.min.js": 6.199059,
  "editor.min.css": 2.616072,
  "preview.min.js": 0.300684,
  "preview.min.css": 0.410141,
  "polyfill.min.js": 0.007314,
  "export.js": 14.769893
}