{
  "editor.min.js": 8.796871,
  "editor.vendor.min.js": 6.917364,
  "editor.min.css": 2.57109,
  "preview.min.js": 0.564418,
  "preview.min.css": 0.383213,
  "polyfill.min.js": 0.007066,
  "export.js": 20.897801
}