{
  "editor.min.js": 8.5235,
  "editor.vendor.min.js": 7.683376,
  "editor.min.css": 2.521208,
  "preview.min.js": 0.527908,
  "preview.min.css": 0.353791,
  "polyfill.min.js": 0.008964,
  "export.js": 19.889156
}