{
  "editor.min.js": 7.565226,
  "editor.vendor.min.js": 8.016606,
  "editor.min.css": 2.506658,
  "preview.min.js": 0.502777,
  "preview.min.css": 0.341154,
  "polyfill.min.js": 0.009043,
  "export.js": 25.965347
}